Día,Mes,Año,N° Publicación,Tipo,Contenido / URL,Estilo
27,Octubre,2025,7,T,"Blog de Rapido Express: Expansión Nacional","color:#2c3e50; font-size:36px; text-align:center;"
27,Octubre,2025,7,P,"Blog de Rapido Express está expandiendo su cobertura a nuevas ciudades, garantizando entregas rápidas en todo el país.","color:#555; font-size:18px; line-height:1.6;"
27,Octubre,2025,7,I,https://images.unsplash.com/photo-1515378791036-0648a3ef77b2?w=800,"width:100%; border-radius:15px; box-shadow:0 5px 15px rgba(0,0,0,0.1);"
27,Octubre,2025,7,ST,"Nuevas Ciudades, Más Rapidez","color:#3498db; font-size:28px; margin-top:2rem;"
27,Octubre,2025,7,P,"- Cobertura ampliada a 15 ciudades nuevas\n- Entregas en menos de 24 horas\n- Atención personalizada en cada región","color:#333; font-size:16px; background:#f8f9fa; padding:20px; border-radius:10px;"
28,Octubre,2025,8,T,"Blog de Rapido Express: Atención al Cliente","color:#e74c3c; font-size:32px; text-align:center;"
28,Octubre,2025,8,P,"Nuestro equipo de atención al cliente está disponible 24/7 para resolver dudas, hacer seguimiento de envíos y garantizar satisfacción total.","color:#666; font-size:17px;"
28,Octubre,2025,8,I,https://images.unsplash.com/photo-1581091870629-15aab5d8e5b0?w=800,"width:90%; margin:0 auto; display:block; border-radius:10px;"
28,Octubre,2025,8,ST,"Siempre Cerca de Ti","color:#9b59b6; font-size:26px; text-align:center;"
28,Octubre,2025,8,P,"Con Blog de Rapido Express cada cliente recibe seguimiento personalizado y soluciones rápidas ante cualquier eventualidad.","color:#444; font-style:italic; background:#fff3cd; padding:15px; border-radius:8px;"
29,Octubre,2025,9,T,"Blog de Rapido Express: Logística Inteligente","color:#16a085; font-size:30px; text-align:center;"
29,Octubre,2025,9,P,"Hemos implementado sistemas inteligentes de planificación de rutas, reduciendo tiempos de entrega y optimizando recursos.","color:#555; font-size:17px;"
29,Octubre,2025,9,I,https://images.unsplash.com/photo-1521737604893-d14cc237f11d?w=800,"width:100%; border-radius:12px; box-shadow:0 4px 12px rgba(0,0,0,0.1);"
29,Octubre,2025,9,ST,"Rutas Eficientes","color:#2980b9; font-size:28px; text-align:center;"
29,Octubre,2025,9,P,"Blog de Rapido Express garantiza entregas más rápidas y eficientes gracias a nuestra tecnología de logística avanzada.","color:#333; font-size:16px;"
